<?xml version="1.0" encoding="UTF-8" standalone="no" ?>
<application xmlns="http://ns.adobe.com/air/application/50.2">
  <id>Arduino</id>
  <versionNumber>1.0</versionNumber>
  <filename>Timer & Stopwatch</filename>
  <description/>
  <!-- To localize the description, use the following format for the description element.<description><text xml:lang="en">English App description goes here</text><text xml:lang="fr">French App description goes here</text><text xml:lang="ja">Japanese App description goes here</text></description>-->
  <name>Timer & Stopwatch</name>
  <!-- To localize the name, use the following format for the name element.<name><text xml:lang="en">English App name goes here</text><text xml:lang="fr">French App name goes here</text><text xml:lang="ja">Japanese App name goes here</text></name>-->
  <copyright/>
  <initialWindow>
    <content>Adobe</content>
    <systemChrome>standard</systemChrome>
    <transparent>false</transparent>
    <visible>true</visible>
    <fullScreen>false</fullScreen>
    <aspectRatio>portrait</aspectRatio>
    <renderMode>gpu</renderMode>
    <maximizable>true</maximizable>
    <minimizable>true</minimizable>
    <resizable>true</resizable>
  </initialWindow>
  <icon>
    <image32x32>32x32.png</image32x32>
    <image48x48>48x48.png</image48x48>
  </icon>
  <customUpdateUI>false</customUpdateUI>
  <allowBrowserInvocation>false</allowBrowserInvocation>
</application>
